Date,Open,High,Low,Close,Volume,Name
MMM,2016-08-12,181.4700,179.9000,181.4700,180.2700,1232856
MMM,2016-08-15,181.3900,180.4600,181.0000,180.5600,1268247
MMM,2016-08-16,180.3300,179.2100,180.1200,179.2500,1363554
MMM,2016-08-17,180.0900,178.3200,178.6700,179.8700,1358528
MMM,2016-08-18,179.7000,178.5800,179.7000,179.1800,1088677
MMM,2016-08-19,179.7800,178.0800,178.6600,179.6100,1305289
MMM,2016-08-22,179.5900,178.3700,179.1800,179.0700,1336377
MMM,2016-08-23,180.5400,179.2800,179.6100,179.7700,1195825
MMM,2016-08-24,179.9600,179.0100,179.4100,179.4100,1137075
MMM,2016-08-25,180.3200,179.0500,179.0900,179.5800,840299
MMM,2016-08-26,181.2500,178.9200,180.1900,179.4100,1324652
MMM,2016-08-29,180.7000,179.2800,179.8600,180.5000,1051806
MMM,2016-08-30,181.0200,179.5900,180.7200,180.1500,1039808
MMM,2016-08-31,179.7600,178.5800,179.4900,179.2400,1635998
MMM,2016-09-01,180.1700,178.8000,179.3100,179.9800,1095268
MMM,2016-09-02,181.4900,180.0900,180.5300,180.8100,1316124
MMM,2016-09-06,181.2800,179.8800,180.5600,180.4600,1328116
MMM,2016-09-07,180.5400,179.5400,180.0400,179.7500,1133540
MMM,2016-09-08,180.2100,178.9400,179.1900,180.1000,1423980
MMM,2016-09-09,179.0000,175.6400,178.8900,175.6400,2083300
MMM,2016-09-12,178.4000,174.6900,175.0000,178.1000,1913291
MMM,2016-09-13,177.6000,175.9500,176.8300,176.0700,1864569
MMM,2016-09-14,177.3500,175.2000,175.9600,175.6200,1864794
MMM,2016-09-15,177.0000,175.3600,175.5300,176.5900,1683788
MMM,2016-09-16,175.9500,174.3800,175.8800,175.0600,3358842
MMM,2016-09-19,177.9500,176.0500,176.0500,176.7200,1754929
MMM,2016-09-20,178.5000,177.3300,177.7100,177.6000,1598557
MMM,2016-09-21,179.8000,177.5000,177.8800,179.5900,1759977
MMM,2016-09-22,181.6600,179.6500,179.8300,179.8500,1849004
MMM,2016-09-23,179.7000,177.1900,179.4000,177.3900,1910978
MMM,2016-09-26,176.9100,175.8000,176.8500,175.9500,1820997
MMM,2016-09-27,177.0300,175.5800,175.6100,176.3000,2433570
MMM,2016-09-28,177.9800,176.6900,176.7800,177.5900,1693951
MMM,2016-09-29,177.6300,174.8700,177.4800,175.3700,1853613
MMM,2016-09-30,177.1500,176.0900,176.5800,176.2300,2419430
MMM,2016-10-03,175.9500,174.4000,175.3300,175.0400,1785551
MMM,2016-10-04,174.9700,171.2000,174.5900,171.6800,3166931
MMM,2016-10-05,172.5600,171.3400,171.6600,172.3900,2305546
MMM,2016-10-06,172.3200,170.6000,171.9300,171.6400,2273400
MMM,2016-10-07,171.9400,170.0400,171.9000,171.3300,2249588
MMM,2016-10-10,172.7500,170.9400,171.8400,171.1400,1936639
MMM,2016-10-11,170.4700,168.6900,170.2400,169.6800,1998726
MMM,2016-10-12,170.1800,168.8900,169.6000,169.7200,1554146
MMM,2016-10-13,170.3100,168.4600,168.8700,170.0200,1919715
MMM,2016-10-14,171.3900,170.3000,170.9900,170.3300,1512376
MMM,2016-10-17,171.0900,169.9400,170.5400,170.2100,1229184
MMM,2016-10-18,171.9100,169.8400,171.6800,169.9500,1185565
MMM,2016-10-19,170.9400,169.6600,170.8000,169.9100,1164213
MMM,2016-10-20,170.3400,168.9900,169.5700,169.8600,1210539
MMM,2016-10-21,169.5600,167.7200,168.1100,169.5000,2013555
MMM,2016-10-24,173.4400,170.9000,172.6500,171.2700,2668523
MMM,2016-10-25,169.8900,165.1100,169.4700,166.2300,3826166
MMM,2016-10-26,167.7900,165.4100,165.6900,166.5100,2174852
MMM,2016-10-27,166.9500,165.2800,166.8700,165.7600,1486376
MMM,2016-10-28,167.1800,165.1400,166.5500,165.7700,1934281
MMM,2016-10-31,166.5400,165.1800,166.4600,165.3000,2289132
MMM,2016-11-01,165.8100,163.8500,165.4000,164.2500,2455784
MMM,2016-11-02,166.3700,163.9100,164.7000,165.7300,2233414
MMM,2016-11-03,167.6400,165.2600,166.1400,166.8300,2504984
MMM,2016-11-04,167.8500,166.4200,167.2100,166.4800,1927527
MMM,2016-11-07,169.8900,167.9800,168.1500,169.7400,1930929
MMM,2016-11-08,172.0500,169.7800,169.9000,171.0300,1956187
MMM,2016-11-09,171.0000,165.8400,165.8400,170.3900,3659314
MMM,2016-11-10,174.6700,169.7900,170.1600,174.2800,3280034
MMM,2016-11-11,175.1300,173.7300,174.0500,175.0800,1868162
MMM,2016-11-14,175.5100,171.9000,175.2300,172.9100,2607032
MMM,2016-11-15,174.2500,171.9100,173.1600,174.2400,2177504
MMM,2016-11-16,173.2300,171.5700,173.1300,172.0100,2022623
MMM,2016-11-17,173.2500,172.0100,172.0100,172.7700,1782191
MMM,2016-11-18,173.2800,172.2900,172.5100,172.9600,1711068
MMM,2016-11-21,171.9800,170.7200,171.4200,171.5200,1993936
MMM,2016-11-22,172.0800,171.2800,171.6700,171.9100,1553303
MMM,2016-11-23,172.7500,171.7600,172.0800,172.2500,1477958
MMM,2016-11-25,173.9900,172.2100,172.2100,173.4900,945845
MMM,2016-11-28,173.7700,172.2800,173.5600,172.5000,1677696
MMM,2016-11-29,173.2900,172.1500,172.5400,172.7700,1483189
MMM,2016-11-30,173.1900,171.5900,172.2000,171.7400,2595787
MMM,2016-12-01,172.7400,171.4500,171.6400,172.6300,1756890
MMM,2016-12-02,173.6900,172.2400,172.5300,172.4300,1871524
MMM,2016-12-05,172.9500,171.0800,172.6300,171.6200,2181327
MMM,2016-12-06,172.0300,171.2300,171.8200,171.8000,1467548
MMM,2016-12-07,176.0600,171.9700,172.3800,176.0500,3164316
MMM,2016-12-08,176.3500,174.7700,176.0800,175.8800,1790705
MMM,2016-12-09,178.8700,175.3000,175.3600,178.4900,2650644
MMM,2016-12-12,179.8100,177.5700,178.2500,179.6400,2296090
MMM,2016-12-13,180.0600,176.7700,179.5700,178.8300,2708604
MMM,2016-12-14,179.3900,176.4100,179.1600,176.6000,2234172
MMM,2016-12-15,177.5800,175.0500,177.2600,176.0200,2055610
MMM,2016-12-16,178.5000,176.5500,176.5600,177.4500,3889730
MMM,2016-12-19,178.6700,177.3200,177.6100,178.1600,1381974
MMM,2016-12-20,179.3300,178.0600,178.3400,178.6500,1378216
MMM,2016-12-21,179.5300,178.4200,178.6000,178.4300,1556047
MMM,2016-12-22,179.4600,177.9800,178.8900,179.2000,1225630
MMM,2016-12-23,179.2900,178.5300,179.0900,178.7500,731194
MMM,2016-12-27,179.2000,178.5700,178.6600,178.9200,651007
MMM,2016-12-28,179.4500,178.0200,178.8800,178.0800,1287918
MMM,2016-12-29,179.1400,178.0300,178.2900,178.4100,1101983
MMM,2016-12-30,179.4800,178.2800,179.0000,178.5700,1594248
MMM,2017-01-03,180.0000,177.2200,178.8300,178.0500,2510055
MMM,2017-01-04,178.9000,177.6100,178.0300,178.3200,1541985
MMM,2017-01-05,179.1400,176.8900,178.2600,177.7100,1447848
MMM,2017-01-06,178.6000,175.8000,177.2900,178.2300,1625049
MMM,2017-01-09,178.3800,177.2000,178.3700,177.2700,1622625
MMM,2017-01-10,177.4900,176.3100,177.3600,176.5800,2030149
MMM,2017-01-11,178.4500,176.3900,176.6300,177.8900,1579593
MMM,2017-01-12,177.7000,175.7500,176.9700,177.4400,1321766
MMM,2017-01-13,177.9100,176.8300,177.5800,177.3900,1265593
MMM,2017-01-17,177.6800,176.2500,177.0000,177.2600,1557453
MMM,2017-01-18,179.4400,177.3800,177.9000,178.4900,1804904
MMM,2017-01-19,179.8000,177.7600,179.2500,178.6800,1464364
MMM,2017-01-20,179.4600,177.8300,179.2000,178.4900,1761850
MMM,2017-01-23,178.9900,177.1300,177.9100,178.5100,1986788
MMM,2017-01-24,177.7600,174.4200,177.5000,175.9700,3473183
MMM,2017-01-25,178.6300,176.5700,177.0900,176.7300,3462633
MMM,2017-01-26,177.2300,176.0400,176.3100,176.8200,2235889
MMM,2017-01-27,177.9800,176.8300,177.4800,177.4800,1623666
MMM,2017-01-30,177.7300,174.8700,177.2500,175.4200,1823128
MMM,2017-01-31,175.4600,173.8100,174.7400,174.8200,1845543
MMM,2017-02-01,175.8000,174.3000,175.1700,175.1700,2272854
MMM,2017-02-02,174.7800,173.5500,174.1300,174.1800,3106798
MMM,2017-02-03,175.3000,173.8500,174.0200,175.0400,2820960
MMM,2017-02-06,176.2000,173.9000,174.1200,175.1000,1622756
MMM,2017-02-07,176.4000,175.1500,176.0800,175.7600,1247389
MMM,2017-02-08,177.6000,175.4900,175.6200,177.0700,2145683
MMM,2017-02-09,178.5500,176.8700,176.8700,178.1800,2009742
MMM,2017-02-10,179.5800,178.1900,178.3000,179.0000,1392438
MMM,2017-02-13,181.3800,179.2600,179.8600,181.0200,1929821
MMM,2017-02-14,182.0000,180.6500,180.8600,181.6000,2036188
MMM,2017-02-15,181.8300,180.1500,180.3000,181.7000,1762914
MMM,2017-02-16,183.4600,181.6200,181.7500,183.4100,2164045
MMM,2017-02-17,183.6000,182.5300,183.4300,182.9500,1961456
MMM,2017-02-21,183.6200,182.0400,182.7900,183.3700,1736345
MMM,2017-02-22,186.1200,183.0800,183.4000,186.0400,2850946
MMM,2017-02-23,187.4600,185.7100,185.9100,187.1900,2401641
MMM,2017-02-24,188.4100,186.3000,186.8200,187.4100,2126326
MMM,2017-02-27,187.5500,186.3800,187.5000,186.9100,1393808
MMM,2017-02-28,187.5000,186.3100,186.7300,186.3500,1932120
MMM,2017-03-01,190.5400,188.0100,188.0800,189.8600,2226206
MMM,2017-03-02,190.1000,189.0300,189.4600,189.8900,1763962
MMM,2017-03-03,190.2400,188.5400,189.8500,189.3100,1627706
MMM,2017-03-06,189.2400,188.2700,188.9300,188.9000,1668743
MMM,2017-03-07,189.2600,188.2500,188.2900,189.0900,1662286
MMM,2017-03-08,190.2100,188.9700,189.7200,189.5100,1565272
MMM,2017-03-09,190.3900,189.1700,189.2500,189.9000,1556675
MMM,2017-03-10,191.2400,190.0300,190.6400,191.2100,2514991
MMM,2017-03-13,191.9600,190.4600,191.7700,191.5200,1972733
MMM,2017-03-14,191.4400,189.1100,190.9300,190.3300,1893619
MMM,2017-03-15,191.8600,189.7200,190.1800,191.2000,2046978
MMM,2017-03-16,191.6400,189.6400,191.0600,190.3100,1937139
MMM,2017-03-17,192.3600,190.3500,190.8200,192.3600,4228102
MMM,2017-03-20,193.5000,192.2800,192.5200,193.0100,2085593
MMM,2017-03-21,193.4900,191.5100,193.4900,192.1300,1895059
MMM,2017-03-22,192.8800,190.4600,192.3000,192.2200,1627326
MMM,2017-03-23,192.9700,191.2300,192.1200,192.1400,1481951
MMM,2017-03-24,192.6200,190.9000,192.1200,191.5100,1435374
MMM,2017-03-27,191.0000,189.1600,190.7000,190.4300,1984622
MMM,2017-03-28,191.4900,189.6000,189.9400,190.9900,2330159
MMM,2017-03-29,191.2800,190.2600,190.5900,190.6800,1692204
MMM,2017-03-30,191.4900,190.1000,190.7400,191.2800,1835414
MMM,2017-03-31,192.4000,190.9900,191.3000,191.3300,1730048
MMM,2017-04-03,192.1700,189.9500,191.8700,190.7200,1546695
MMM,2017-04-04,190.9800,189.7800,190.5700,190.1900,1349899
MMM,2017-04-05,192.4200,190.0400,190.7000,190.2400,1448737
MMM,2017-04-06,191.0200,189.5000,190.4100,189.8900,1627375
MMM,2017-04-07,190.5600,189.5200,190.0300,189.9900,1025166
MMM,2017-04-10,190.5200,189.3100,190.1600,189.7100,1682689
MMM,2017-04-11,190.0900,188.9900,189.1300,190.0700,1459582
MMM,2017-04-12,190.4900,189.4000,190.3100,189.7000,1416141
MMM,2017-04-13,189.8600,188.6200,189.2500,188.6500,1274376
MMM,2017-04-17,190.3600,189.2900,189.3100,190.3600,1543558
MMM,2017-04-18,190.8400,189.5100,189.7600,190.2200,1176884
MMM,2017-04-19,191.1300,189.5200,190.8000,189.8300,1340386
MMM,2017-04-20,192.1100,189.9000,190.0200,191.1600,1748179
MMM,2017-04-21,191.6200,190.5900,191.1500,191.5000,2584194
MMM,2017-04-24,194.4500,192.9300,193.0000,194.2300,2709554
MMM,2017-04-25,195.6100,192.3600,193.9900,195.1300,4182229
MMM,2017-04-26,196.9000,194.9900,195.7000,195.0000,2641226
MMM,2017-04-27,196.5400,195.1100,195.4300,196.1100,1770896
MMM,2017-04-28,197.1200,195.5400,196.1500,195.8300,2467076
MMM,2017-05-01,195.7300,194.4700,195.5000,194.8100,1498630
MMM,2017-05-02,196.5300,194.5800,195.1600,196.5300,2467164
MMM,2017-05-03,197.8700,195.7100,196.6000,197.6300,2339647
MMM,2017-05-04,199.5400,197.7600,198.3000,199.5100,2321297
MMM,2017-05-05,199.9000,198.9800,199.6700,199.4000,1688558
MMM,2017-05-08,199.1500,198.3000,198.8400,198.6500,1576134
MMM,2017-05-09,199.3600,197.5300,199.3600,197.9600,1747761
MMM,2017-05-10,197.5900,196.5300,197.3700,196.6400,2248260
MMM,2017-05-11,196.9400,195.2600,196.0400,196.7500,1704992
MMM,2017-05-12,197.1200,195.8600,195.9000,196.5700,1323128
MMM,2017-05-15,197.7400,196.2300,196.6700,197.6300,1474490
MMM,2017-05-16,197.9400,196.8600,197.4800,197.9100,1183560
MMM,2017-05-17,195.9100,194.7200,195.3900,194.8400,1881826
MMM,2017-05-18,195.8200,193.5400,194.5000,195.2400,1928994
MMM,2017-05-19,196.3000,194.4500,196.3000,195.8000,1894690
MMM,2017-05-22,198.6700,196.3500,196.3500,198.5100,1836024
MMM,2017-05-23,198.9700,197.5200,198.7300,197.7300,1514199
MMM,2017-05-24,198.5300,197.2800,198.4900,197.4900,1291463
MMM,2017-05-25,199.6100,197.7500,198.4100,199.5400,1508025
MMM,2017-05-26,200.6900,198.9700,199.1400,200.6700,1410620
MMM,2017-05-30,203.0300,199.9600,200.3100,202.4400,2171094
MMM,2017-05-31,204.4700,202.2700,202.7300,204.4700,3096767
MMM,2017-06-01,204.9000,203.6800,204.2500,204.3500,2352733
MMM,2017-06-02,207.3900,204.7900,205.0600,206.7000,1831928
MMM,2017-06-05,207.3300,206.2200,206.7700,206.2200,1253148
MMM,2017-06-06,206.6600,205.4100,206.0100,205.4100,1458772
MMM,2017-06-07,205.8700,204.1000,205.7300,205.0100,1885635
MMM,2017-06-08,206.0300,204.0900,204.8400,205.9400,2451348
MMM,2017-06-09,206.9700,205.6400,206.0000,206.9300,1893492
MMM,2017-06-12,208.4200,205.5000,207.0600,207.3900,2388199
MMM,2017-06-13,209.6600,207.5600,207.5800,209.1100,1688785
MMM,2017-06-14,210.7800,209.5300,209.7800,210.0100,1585260
MMM,2017-06-15,211.3200,209.4400,209.5000,211.2900,1594060
MMM,2017-06-16,213.4600,211.4400,211.7300,213.2400,3420608
MMM,2017-06-19,214.0000,212.7000,214.0000,213.3600,1667649
MMM,2017-06-20,214.5700,213.0500,213.4500,213.3600,1531242
MMM,2017-06-21,214.0200,212.0900,214.0200,212.8600,1812903
MMM,2017-06-22,213.1200,212.0900,212.7300,212.2200,1400401
MMM,2017-06-23,213.1700,211.7100,212.0000,212.9000,1584876
MMM,2017-06-26,213.4700,212.3100,212.7900,212.6100,1352092
MMM,2017-06-27,212.5000,209.3800,212.0000,209.7800,2240166
MMM,2017-06-28,211.1800,210.0900,210.7800,210.6200,1542943
MMM,2017-06-29,211.0500,207.0800,211.0500,207.8500,1809919
MMM,2017-06-30,209.9100,207.8500,209.9100,208.1900,1769958
MMM,2017-07-03,210.3400,208.7500,209.1400,209.8300,1040334
MMM,2017-07-05,210.2400,209.4100,210.0000,209.7600,1065328
MMM,2017-07-06,209.7200,207.8900,209.0500,208.0200,1189853
MMM,2017-07-07,210.1500,208.0400,208.5000,209.5900,1531004
MMM,2017-07-10,211.7400,208.9900,209.6000,210.4900,1308603
MMM,2017-07-11,211.2000,208.0000,210.4100,209.6600,1268059
MMM,2017-07-12,212.7800,210.2700,210.9100,211.3000,1447890
MMM,2017-07-13,212.0000,210.1800,211.2000,211.0900,1138838
MMM,2017-07-14,212.2400,210.6300,211.5200,211.7700,1061971
MMM,2017-07-17,212.2000,210.5900,212.2000,211.6800,1311262
MMM,2017-07-18,211.5200,210.3000,210.6800,211.3100,1562553
MMM,2017-07-19,212.1000,211.1700,211.5100,212.1000,825309
MMM,2017-07-20,213.4100,212.0600,212.2100,212.4500,1347433
MMM,2017-07-21,211.8400,209.4800,211.6500,211.1600,2246238
MMM,2017-07-24,211.6600,210.0000,211.2000,210.0000,2165186
MMM,2017-07-25,204.5000,197.1700,202.6500,199.3900,6593035
MMM,2017-07-26,201.1500,198.5500,200.4500,199.0300,2922097
MMM,2017-07-27,200.5600,197.6700,199.1400,200.0500,2175148
MMM,2017-07-28,201.0400,198.6900,200.7900,199.7200,1488022
MMM,2017-07-31,201.6600,null,null,201.1700,1833625
MMM,2017-08-01,203.3100,201.7600,202.2900,203.1800,2015108
MMM,2017-08-02,205.6000,202.8200,203.1900,205.4100,2029646
MMM,2017-08-03,207.6400,205.1200,205.9100,207.6200,2054236
MMM,2017-08-04,208.6100,206.1100,207.9500,207.6500,1522668
MMM,2017-08-07,208.4000,206.6800,207.9000,207.4400,1172563
MMM,2017-08-08,207.8900,205.6900,206.8300,206.4300,1856282
MMM,2017-08-09,207.9100,205.5900,206.6900,206.4800,1622213
MMM,2017-08-10,207.1600,205.1800,205.6200,206.2300,1571545
MMM,2017-08-11,206.8500,205.6300,206.8500,205.9800,1452811
ABT,2016-08-12,45.1000,44.5500,44.8200,45.0400,6686348
ABT,2016-08-15,45.2300,44.8500,45.2000,45.1500,6525830
ABT,2016-08-16,45.0800,44.8200,45.0200,44.9200,7584409
ABT,2016-08-17,45.1400,44.4400,45.1400,44.6800,8630316
ABT,2016-08-18,44.7400,44.2500,44.6800,44.3600,6548777
ABT,2016-08-19,44.3100,43.6400,44.1700,44.2400,9439877
ABT,2016-08-22,44.3600,43.7900,44.0800,44.1700,6518441
ABT,2016-08-23,44.4200,43.9000,44.3700,43.9000,7401381
ABT,2016-08-24,44.1000,43.0700,43.9600,43.1700,7578510
ABT,2016-08-25,44.0000,42.2700,43.1700,42.8400,38568594
ABT,2016-08-26,43.2800,42.0900,42.7200,42.9800,18670546
ABT,2016-08-29,43.5700,42.9500,43.0000,43.2500,9223169
ABT,2016-08-30,43.3600,42.5600,43.0100,42.8300,12176249
ABT,2016-08-31,42.9800,41.9300,42.8700,42.0200,12445790
ABT,2016-09-01,42.3400,41.7400,41.9200,42.3000,10739240
ABT,2016-09-02,42.4500,41.8900,42.3600,42.0900,7191302
ABT,2016-09-06,42.3200,41.8000,42.1000,42.1600,7079106
ABT,2016-09-07,42.2900,41.7700,42.1500,41.9000,11063629
ABT,2016-09-08,42.1200,41.6400,42.1200,41.8500,7694303
ABT,2016-09-09,41.5800,41.0000,41.5600,41.0100,10977898
ABT,2016-09-12,41.5200,40.7700,40.8500,41.4200,7759551
ABT,2016-09-13,41.2400,40.4800,41.2300,40.6400,6929986
ABT,2016-09-14,41.0400,40.5500,40.6900,40.8100,7707838
ABT,2016-09-15,41.2600,40.6500,40.7900,41.1200,6100131
ABT,2016-09-16,42.0300,40.8300,40.9500,41.8700,15790211
ABT,2016-09-19,42.3600,41.5900,42.0400,41.6800,7552674
ABT,2016-09-20,42.0000,41.5800,41.9500,41.5800,4867018
ABT,2016-09-21,42.0100,41.2600,41.6200,41.9200,5461266
ABT,2016-09-22,42.4900,42.0400,42.1600,42.2200,5829666
ABT,2016-09-23,42.4200,42.0500,42.2500,42.1900,6912285
ABT,2016-09-26,42.0200,41.6100,42.0100,41.6800,6378154
ABT,2016-09-27,42.3400,41.5600,41.7100,42.3300,5964927
ABT,2016-09-28,42.5300,41.9100,42.2500,42.2900,5228267
ABT,2016-09-29,42.2500,41.2600,42.1100,41.4400,6785740
ABT,2016-09-30,42.4700,41.6900,41.7400,42.2900,7451020
ABT,2016-10-03,42.5800,41.8800,42.0600,42.5500,5947395
ABT,2016-10-04,42.7900,41.8600,42.4800,42.1000,5870725
ABT,2016-10-05,42.8100,42.3300,42.3400,42.7400,7218730
ABT,2016-10-06,43.0500,42.3200,42.6900,42.9700,7250220
ABT,2016-10-07,43.1900,42.5700,43.0000,42.9700,7249757
ABT,2016-10-10,43.7800,43.0600,43.1500,43.5000,8285075
ABT,2016-10-11,43.2700,41.0200,43.2000,41.1600,23896101
ABT,2016-10-12,41.4200,40.8200,41.0500,40.9800,6403932
ABT,2016-10-13,41.2400,40.4100,40.7400,40.9800,6544653
ABT,2016-10-14,41.5300,40.7700,41.1700,40.7900,8818965
ABT,2016-10-17,40.9500,40.5500,40.7300,40.5900,7252727
ABT,2016-10-18,41.4100,40.5000,40.8500,41.1700,9604947
ABT,2016-10-19,41.3800,39.9400,40.5200,40.0100,19300013
ABT,2016-10-20,40.8100,40.0000,40.0100,40.7400,8725859
ABT,2016-10-21,40.6100,40.1600,40.4100,40.5000,7276420
ABT,2016-10-24,40.9200,40.3100,40.7900,40.4100,6998807
ABT,2016-10-25,40.6100,40.1500,40.4200,40.1900,6598577
ABT,2016-10-26,40.2800,39.7600,40.0000,39.9600,7196700
ABT,2016-10-27,40.5300,40.0600,40.0900,40.2900,6583166
ABT,2016-10-28,40.6000,39.5100,40.2500,39.5400,12520066
ABT,2016-10-31,39.5400,39.2200,39.4300,39.2400,8241729
ABT,2016-11-01,39.3600,38.6400,39.2400,39.0500,8078902
ABT,2016-11-02,39.2200,38.7000,39.0500,38.7000,6323159
ABT,2016-11-03,39.1500,38.3000,38.8600,38.3800,7529419
ABT,2016-11-04,39.4400,38.4100,38.4500,39.0900,8748052
ABT,2016-11-07,39.9600,39.5400,39.6400,39.8600,6458823
ABT,2016-11-08,40.0800,39.2400,39.6200,39.8300,6654531
ABT,2016-11-09,41.5300,39.1700,41.5000,40.0700,13102893
ABT,2016-11-10,40.8600,40.3200,40.5200,40.6100,9716401
ABT,2016-11-11,40.4800,39.9000,40.3800,40.1400,5728958
ABT,2016-11-14,40.1700,39.1000,40.1100,39.2000,11193384
ABT,2016-11-15,39.9400,39.0500,39.2900,39.8100,9264702
ABT,2016-11-16,40.2500,39.6500,39.8000,39.9500,8894057
ABT,2016-11-17,40.5000,40.0000,40.0000,40.3900,6579320
ABT,2016-11-18,40.4200,39.8000,40.3100,39.8400,7015102
ABT,2016-11-21,40.1300,39.6400,39.8500,39.7600,8614699
ABT,2016-11-22,39.6100,37.8100,39.4200,38.1000,16242514
ABT,2016-11-23,39.1300,37.9000,38.0400,38.9800,9570229
ABT,2016-11-25,39.2100,38.9400,39.0800,39.1600,2733423
ABT,2016-11-28,39.2200,38.7000,39.2200,38.7400,5727767
ABT,2016-11-29,39.0200,38.6600,38.8600,38.7300,7338493
ABT,2016-11-30,38.7500,38.0600,38.7500,38.0700,14916757
ABT,2016-12-01,38.3000,37.3800,38.1200,37.6000,9008519
ABT,2016-12-02,38.0800,37.6000,37.6800,37.9000,7252818
ABT,2016-12-05,38.4500,37.9900,38.1100,38.4300,9514677
ABT,2016-12-06,38.6500,38.2200,38.4400,38.4200,6136078
ABT,2016-12-07,38.4900,37.4200,38.1300,38.4800,10888596
ABT,2016-12-08,38.7900,38.0100,38.3300,38.6800,7046942
ABT,2016-12-09,39.3400,38.7800,38.8200,39.2000,7802493
ABT,2016-12-12,39.5100,39.0600,39.2000,39.2000,7772266
ABT,2016-12-13,39.6700,39.1700,39.3100,39.4400,7483281
ABT,2016-12-14,39.7900,38.6700,39.4200,38.8200,11284054
ABT,2016-12-15,39.0500,38.2700,38.7600,38.9300,9229364
ABT,2016-12-16,39.3300,37.9800,39.0200,38.1000,15107518
ABT,2016-12-19,38.6300,38.0600,38.2300,38.3400,10153529
ABT,2016-12-20,38.5100,38.0200,38.4000,38.1900,6992899
ABT,2016-12-21,38.2800,37.9000,38.1900,38.2400,9190942
ABT,2016-12-22,38.3400,37.9100,38.1500,38.2900,7980888
ABT,2016-12-23,38.6500,38.2200,38.3300,38.4200,4625616
ABT,2016-12-27,38.9400,38.4700,38.4800,38.6000,6633668
ABT,2016-12-28,38.7700,38.0800,38.6300,38.2200,6828535
ABT,2016-12-29,38.5100,38.1100,38.3000,38.3100,7050816
ABT,2016-12-30,38.8700,38.2500,38.3300,38.4100,10445631
ABT,2017-01-03,39.0800,38.3400,38.6300,39.0500,9677316
ABT,2017-01-04,39.7200,39.0600,39.0600,39.3600,22644542
ABT,2017-01-05,39.7500,38.9800,39.2400,39.7000,12080148
ABT,2017-01-06,40.9900,39.6600,39.7000,40.7800,14628910
ABT,2017-01-09,41.0600,40.6200,40.7900,40.7400,10992496
ABT,2017-01-10,41.6200,40.7800,40.8100,41.2900,9256298
ABT,2017-01-11,41.4200,40.4800,41.0500,41.0800,10699446
ABT,2017-01-12,40.7900,40.3100,40.7900,40.7200,8633354
ABT,2017-01-13,41.3600,40.6900,40.7500,40.9300,9533780
ABT,2017-01-17,41.0400,40.5300,40.6700,40.9000,8272727
ABT,2017-01-18,41.1000,40.5100,41.0500,40.7600,7195205
ABT,2017-01-19,40.7300,40.2400,40.6400,40.4000,7160171
ABT,2017-01-20,40.7700,40.3400,40.5100,40.4600,5908000
ABT,2017-01-23,40.5400,40.2000,40.3200,40.3400,7351854
ABT,2017-01-24,40.5000,40.1200,40.3200,40.3100,7773693
ABT,2017-01-25,40.4600,39.2500,39.7600,40.3100,16890214
ABT,2017-01-26,41.1200,40.4500,40.4600,40.9600,9410238
ABT,2017-01-27,41.3100,40.9000,41.1100,41.0000,7033637
ABT,2017-01-30,41.1400,40.7700,40.8600,41.0100,13811560
ABT,2017-01-31,41.7900,40.6000,40.7300,41.7700,12318224
ABT,2017-02-01,42.3700,41.4400,41.5100,42.3300,11948793
ABT,2017-02-02,42.7900,41.8500,42.1800,42.7500,11836897
ABT,2017-02-03,43.1300,42.5400,42.9400,42.7800,11642218
ABT,2017-02-06,42.7500,42.2300,42.5700,42.4300,8735171
ABT,2017-02-07,42.9800,42.5000,42.5700,42.8900,8697290
ABT,2017-02-08,42.7300,42.2800,42.6600,42.4000,6731375
ABT,2017-02-09,42.7800,42.3200,42.5000,42.5400,5138389
ABT,2017-02-10,42.8000,42.4800,42.7400,42.7400,3692381
ABT,2017-02-13,43.2200,42.8600,43.0000,43.2200,5672370
ABT,2017-02-14,43.7300,42.9600,43.0100,43.6500,8458818
ABT,2017-02-15,44.0800,43.4200,43.5000,44.0000,7946389
ABT,2017-02-16,44.2100,43.7400,44.0000,44.2000,8975535
ABT,2017-02-17,44.7000,44.0900,44.1700,44.6900,9632008
ABT,2017-02-21,45.1500,44.5400,44.6500,45.0100,11387762
ABT,2017-02-22,45.1100,44.8100,44.8800,45.0100,7534641
ABT,2017-02-23,45.5100,44.8500,45.0200,45.4000,9459424
ABT,2017-02-24,45.6800,45.2300,45.2900,45.6800,7608646
ABT,2017-02-27,45.5600,45.1800,45.5100,45.4600,6142610
ABT,2017-02-28,45.4300,44.8300,45.4100,45.0800,14211439
ABT,2017-03-01,45.7000,45.1800,45.3700,45.5900,8886276
ABT,2017-03-02,45.8400,45.3500,45.5000,45.6900,11164608
ABT,2017-03-03,45.5600,45.1100,45.4200,45.2500,6790781
ABT,2017-03-06,45.3800,44.8600,44.9900,45.1300,6001280
ABT,2017-03-07,45.1600,44.6700,44.8100,45.0000,6476612
ABT,2017-03-08,45.4600,44.9200,45.0300,45.3600,6398621
ABT,2017-03-09,45.7400,45.3400,45.3600,45.6300,5691017
ABT,2017-03-10,45.8400,45.5100,45.7700,45.7200,6105876
ABT,2017-03-13,45.7800,45.2300,45.6500,45.5300,7040547
ABT,2017-03-14,45.2500,44.7700,45.1900,44.8000,7504525
ABT,2017-03-15,45.4000,44.8600,44.9600,45.3200,6844368
ABT,2017-03-16,45.3700,44.6200,45.1700,44.9800,6704220
ABT,2017-03-17,45.2700,44.7700,45.1000,45.1900,12277435
ABT,2017-03-20,45.2300,44.8700,45.1900,44.9800,3521597
ABT,2017-03-21,45.3800,44.6000,45.1500,44.8000,5567081
ABT,2017-03-22,45.0700,44.5900,44.9400,44.8100,5198940
ABT,2017-03-23,44.9900,44.5900,44.7100,44.7700,3953148
ABT,2017-03-24,45.1500,44.6000,44.7600,44.7300,4753163
ABT,2017-03-27,44.8000,44.3900,44.5300,44.7000,6914657
ABT,2017-03-28,44.7800,44.2600,44.7400,44.7000,5377379
ABT,2017-03-29,44.8400,44.3700,44.6700,44.6700,4186949
ABT,2017-03-30,44.6600,44.3600,44.6300,44.5500,4411647
ABT,2017-03-31,44.8200,44.3300,44.3300,44.4100,7146506
ABT,2017-04-03,44.6100,44.0800,44.4200,44.4700,7955821
ABT,2017-04-04,44.5500,44.0100,44.5300,44.1800,5399161
ABT,2017-04-05,44.5400,43.7000,44.1700,43.8000,7762250
ABT,2017-04-06,43.8100,43.3500,43.8100,43.6700,6067344
ABT,2017-04-07,43.9500,43.5700,43.6200,43.8300,5327817
ABT,2017-04-10,43.9600,43.5400,43.8300,43.5900,4321303
ABT,2017-04-11,43.6000,43.1500,43.2200,43.5800,4871886
ABT,2017-04-12,43.5900,43.1900,43.3200,43.4800,4778945
ABT,2017-04-13,42.9600,42.3900,42.4000,42.6700,11426957
ABT,2017-04-17,43.3800,42.3100,42.6700,43.3100,8068503
ABT,2017-04-18,43.5900,42.9600,43.0900,43.4300,10131161
ABT,2017-04-19,44.0000,43.1200,43.7800,43.5900,13454621
ABT,2017-04-20,44.1500,43.5200,43.6900,43.9800,5871911
ABT,2017-04-21,43.9800,43.4300,43.9400,43.5300,7519813
ABT,2017-04-24,44.2600,43.8400,44.0700,44.1300,6727012
ABT,2017-04-25,44.3900,43.7600,44.2100,43.7600,6793106
ABT,2017-04-26,44.1500,43.7100,43.9300,43.8000,5591151
ABT,2017-04-27,44.0100,43.6000,43.9600,43.6500,7487495
ABT,2017-04-28,43.7500,43.5000,43.6700,43.6400,6014062
ABT,2017-05-01,43.6600,43.3200,43.5700,43.4800,5119107
ABT,2017-05-02,43.7700,43.4000,43.6600,43.6000,6166080
ABT,2017-05-03,43.7500,43.4900,43.6100,43.7200,4579737
ABT,2017-05-04,44.5900,43.7200,43.7500,44.5900,6551398
ABT,2017-05-05,44.6900,44.4800,44.5800,44.6400,5893207
ABT,2017-05-08,44.9000,44.6300,44.7000,44.6800,6320137
ABT,2017-05-09,44.7700,44.5600,44.6500,44.6700,4943052
ABT,2017-05-10,44.7000,44.3700,44.7000,44.5000,5253297
ABT,2017-05-11,44.3900,43.7800,44.3900,43.8600,7071583
ABT,2017-05-12,44.1700,43.8700,43.9000,43.9600,5775769
ABT,2017-05-15,44.2300,43.9000,43.9200,44.0400,4223510
ABT,2017-05-16,44.5900,43.4100,44.5900,43.6900,7159346
ABT,2017-05-17,43.6100,43.0500,43.4000,43.0800,5989323
ABT,2017-05-18,43.2800,42.8800,43.1700,42.9800,5225119
ABT,2017-05-19,43.3200,43.0100,43.1500,43.1600,5882979
ABT,2017-05-22,43.8700,43.1000,43.2700,43.7300,5802308
ABT,2017-05-23,44.1700,43.6200,43.7100,43.6800,4673163
ABT,2017-05-24,43.7900,43.4000,43.7900,43.5300,4590820
ABT,2017-05-25,44.0000,43.4400,43.7800,43.9500,4473908
ABT,2017-05-26,44.8500,43.8300,43.9200,44.7100,8624069
ABT,2017-05-30,45.1000,44.2100,44.4600,45.0000,8119697
ABT,2017-05-31,45.7500,45.1800,45.2000,45.6600,10449789
ABT,2017-06-01,46.1000,45.4700,45.5200,46.1000,7385462
ABT,2017-06-02,46.5500,46.1500,46.3300,46.5000,6885739
ABT,2017-06-05,46.7500,46.3800,46.5700,46.6200,7810647
ABT,2017-06-06,46.7000,46.3200,46.5800,46.3600,6048344
ABT,2017-06-07,46.6000,46.2300,46.3800,46.5600,4358394
ABT,2017-06-08,46.9800,45.9200,46.0500,46.7200,8364417
ABT,2017-06-09,47.3100,46.6600,46.8100,47.2900,9117724
ABT,2017-06-12,47.7200,46.8300,47.2900,47.1700,7365566
ABT,2017-06-13,47.6700,47.2000,47.2400,47.4600,7163673
ABT,2017-06-14,47.8700,47.4500,47.4600,47.6400,6076858
ABT,2017-06-15,48.3400,47.3700,47.5800,48.1200,9366730
ABT,2017-06-16,48.3800,47.8000,48.1800,48.2100,9902210
ABT,2017-06-19,49.1700,48.1500,48.3400,48.8900,7409522
ABT,2017-06-20,49.3000,48.7500,48.8900,48.7700,8500670
ABT,2017-06-21,48.9300,48.2900,48.7900,48.5700,8271765
ABT,2017-06-22,49.5900,48.5100,48.6000,49.2700,8714052
ABT,2017-06-23,49.3600,48.9600,49.1800,49.0800,9343863
ABT,2017-06-26,49.4500,48.8900,49.2100,48.9100,5302582
ABT,2017-06-27,49.1300,48.6500,48.9500,48.6700,3893241
ABT,2017-06-28,49.0200,48.3500,48.9300,48.4800,8366287
ABT,2017-06-29,49.2000,48.5000,48.7300,48.7300,6048500
ABT,2017-06-30,49.0400,48.6100,48.7800,48.6100,4723320
ABT,2017-07-03,49.0400,48.6600,48.7300,48.7100,2454764
ABT,2017-07-05,49.1000,48.6600,48.7200,49.0000,5637209
ABT,2017-07-06,48.8600,47.9000,48.8300,47.9400,5665313
ABT,2017-07-07,48.4800,47.9800,48.1700,48.4400,4354311
ABT,2017-07-10,48.5300,48.1400,48.4200,48.2300,3480466
ABT,2017-07-11,48.4300,48.0400,48.2000,48.1500,4084438
ABT,2017-07-12,48.6900,48.0000,48.1700,48.4300,3906900
ABT,2017-07-13,48.5300,47.8300,48.4300,48.0800,7016610
ABT,2017-07-14,49.1000,48.1500,48.2000,48.9100,4111007
ABT,2017-07-17,49.0200,48.7200,48.9100,48.7600,3358448
ABT,2017-07-18,48.8500,48.2800,48.6900,48.7400,4163584
ABT,2017-07-19,49.4700,48.7600,48.8000,49.4300,6484975
ABT,2017-07-20,51.1300,49.3500,49.6800,50.8500,12331181
ABT,2017-07-21,50.9300,50.4900,50.7300,50.8400,7980288
ABT,2017-07-24,50.9900,50.4600,50.8100,50.8000,8584349
ABT,2017-07-25,51.0000,50.6200,50.9800,50.8300,5692843
ABT,2017-07-26,50.8100,50.2700,50.7400,50.4000,6057053
ABT,2017-07-27,50.3600,49.9100,50.3200,50.1100,7370923
ABT,2017-07-28,50.2000,49.5100,50.1600,49.6100,5688266
ABT,2017-07-31,null,49.1600,null,49.1800,6036176
ABT,2017-08-01,49.3100,48.7200,49.2100,49.1500,5098046
ABT,2017-08-02,49.2600,48.7900,49.1400,49.2300,4841891
ABT,2017-08-03,49.2900,48.9300,49.2600,49.1600,4365652
ABT,2017-08-04,49.3600,49.0900,49.2400,49.2600,3334712
ABT,2017-08-07,49.3800,49.1000,49.2600,49.3000,2898337
ABT,2017-08-08,49.2400,48.8100,49.2400,48.8800,3390714
ABT,2017-08-09,48.8700,48.4300,48.7600,48.7700,4102919
ABT,2017-08-10,48.8500,48.0500,48.7400,48.0600,4652197
ABT,2017-08-11,48.7700,48.0600,48.2400,48.5400,3978902
ABBV,2016-08-12,67.3900,66.5500,66.8600,67.1900,5215441
ABBV,2016-08-15,68.1200,67.3200,67.4700,67.3900,5215360
ABBV,2016-08-16,67.6100,66.5000,67.1300,66.7400,7147645
ABBV,2016-08-17,67.3500,66.3500,66.6900,66.8300,7945418
ABBV,2016-08-18,67.4300,66.5500,66.5700,66.7700,8205847
ABBV,2016-08-19,67.1800,66.5100,66.5700,67.1000,6709360
ABBV,2016-08-22,67.7900,66.9200,67.3100,67.0100,7884845
ABBV,2016-08-23,67.4900,65.9900,67.2600,66.1700,10227754
ABBV,2016-08-24,66.5300,64.8400,66.3100,65.0600,8551058
ABBV,2016-08-25,65.4300,64.2700,65.0400,64.7200,6378983
ABBV,2016-08-26,65.0200,64.2100,64.6800,64.6100,7041630
ABBV,2016-08-29,65.0900,64.1900,64.8400,64.5100,5099249
ABBV,2016-08-30,64.7100,64.1000,64.5400,64.1600,5531774
ABBV,2016-08-31,64.4500,63.5000,64.2100,64.1000,6750010
ABBV,2016-09-01,64.1400,63.6000,64.1000,64.0300,5126674
ABBV,2016-09-02,64.4800,63.8700,64.3700,64.1200,4073203
ABBV,2016-09-06,64.9000,64.0500,64.7000,64.6100,6286293
ABBV,2016-09-07,65.1400,64.2900,64.3700,64.9700,5714320
ABBV,2016-09-08,64.1500,63.4400,63.9600,64.0600,8238846
ABBV,2016-09-09,64.0000,63.0600,63.2200,63.3600,8848534
ABBV,2016-09-12,64.2300,62.6600,62.9800,64.0800,6653007
ABBV,2016-09-13,64.1500,63.0100,63.6600,63.3400,7640367
ABBV,2016-09-14,63.9600,63.0600,63.4100,63.3400,5889959
ABBV,2016-09-15,63.8200,62.9200,63.1700,63.3500,7811582
ABBV,2016-09-16,63.7900,63.1700,63.5300,63.2700,11165269
ABBV,2016-09-19,63.7100,62.8300,63.6200,62.9100,7903516
ABBV,2016-09-20,63.5500,62.7600,63.3600,63.2800,4826460
ABBV,2016-09-21,64.2500,63.2000,63.4900,64.1000,7587358
ABBV,2016-09-22,65.2000,64.0800,64.1200,65.0800,5416092
ABBV,2016-09-23,65.3300,64.7500,65.0500,64.9800,5154154
ABBV,2016-09-26,64.8800,64.0200,64.5200,64.0700,5567717
ABBV,2016-09-27,64.7500,63.6900,63.9500,64.5700,4358334
ABBV,2016-09-28,64.9400,63.8800,64.9400,64.2200,5645599
ABBV,2016-09-29,64.3100,62.8000,64.3000,62.8200,6431183
ABBV,2016-09-30,63.2600,62.4500,62.6700,63.0700,7325429
ABBV,2016-10-03,63.2900,62.2500,63.0200,63.2300,4239556
ABBV,2016-10-04,63.5300,62.5500,63.3100,63.0000,4719437
ABBV,2016-10-05,63.7500,63.0000,63.0800,63.3900,4442517
ABBV,2016-10-06,63.2100,62.5600,63.1600,62.8300,4446105
ABBV,2016-10-07,63.5800,62.5000,63.1000,62.9300,3812671
ABBV,2016-10-10,63.6600,62.9200,63.0700,63.3100,3135309
ABBV,2016-10-11,63.2600,62.0500,63.0800,62.3900,5308425
ABBV,2016-10-12,62.2300,61.0200,62.0000,61.2100,4563796
ABBV,2016-10-13,61.6100,60.6800,60.9600,61.1500,5988601
ABBV,2016-10-14,61.5200,60.1500,61.4500,60.1700,5606474
ABBV,2016-10-17,60.7100,59.8600,60.1000,60.1400,6138658
ABBV,2016-10-18,61.6200,60.4000,60.6200,61.5500,6655071
ABBV,2016-10-19,62.1600,61.1700,62.0400,61.4300,5588887
ABBV,2016-10-20,61.9800,61.3300,61.4500,61.7600,4391317
ABBV,2016-10-21,61.4400,60.6500,61.3800,60.9800,4341713
ABBV,2016-10-24,61.6800,61.0200,61.1300,61.1200,3934849
ABBV,2016-10-25,61.6600,60.9500,61.0600,61.5500,6432753
ABBV,2016-10-26,61.7100,60.7100,61.5100,61.0200,4560833
ABBV,2016-10-27,61.7200,60.6000,61.4500,61.4600,6612491
ABBV,2016-10-28,58.3900,55.0600,57.5500,57.6000,24865263
ABBV,2016-10-31,57.3000,55.7200,57.0600,55.7800,14185793
ABBV,2016-11-01,56.6100,55.6800,56.0000,56.4500,9799441
ABBV,2016-11-02,57.1900,56.4000,56.4600,56.7900,9779080
ABBV,2016-11-03,57.2900,55.8500,57.1200,55.8900,9842567
ABBV,2016-11-04,56.8700,55.8700,56.0700,56.0400,11186952
ABBV,2016-11-07,61.1600,56.6400,56.8100,58.9100,17763114
ABBV,2016-11-08,59.6000,58.0300,58.8000,58.8100,9353242
ABBV,2016-11-09,64.7000,60.4100,64.1000,62.6400,18693998
ABBV,2016-11-10,65.0500,62.7900,63.0600,64.0000,15948718
ABBV,2016-11-11,63.8500,62.7900,63.5400,63.1000,10201578
ABBV,2016-11-14,63.6400,62.2500,63.4000,62.9700,8315696
ABBV,2016-11-15,63.3900,61.9800,63.3900,62.8700,5610308
ABBV,2016-11-16,62.9700,61.4200,62.6700,61.5400,6571245
ABBV,2016-11-17,61.9900,61.1300,61.7500,61.7000,4866958
ABBV,2016-11-18,62.1400,60.3900,61.6500,60.5200,7023246
ABBV,2016-11-21,60.8000,60.2000,60.7000,60.4200,6328304
ABBV,2016-11-22,60.5600,58.6100,60.4900,58.9300,8518573
ABBV,2016-11-23,60.3800,58.6000,58.8100,60.1800,5580284
ABBV,2016-11-25,60.6700,59.6700,60.0400,60.5100,2942309
ABBV,2016-11-28,59.9400,59.0100,59.1300,59.4600,6274639
ABBV,2016-11-29,62.1000,59.5200,59.7000,61.5900,11858788
ABBV,2016-11-30,61.8400,60.6300,61.6300,60.8000,9025182
ABBV,2016-12-01,60.8300,58.7500,60.8300,59.1600,8266158
ABBV,2016-12-02,60.0000,58.9500,59.1900,59.4300,8020668
ABBV,2016-12-05,61.2200,59.5700,59.6000,60.8600,10227657
ABBV,2016-12-06,61.7200,60.3300,60.7600,61.6200,7610418
ABBV,2016-12-07,60.6500,58.8000,60.2600,59.9900,13095613
ABBV,2016-12-08,60.9800,59.0900,60.0200,60.9000,9192264
ABBV,2016-12-09,61.9200,60.9200,61.1900,61.5400,7102861
ABBV,2016-12-12,62.4500,61.5100,61.5300,62.0400,5984503
ABBV,2016-12-13,62.4400,61.3600,62.3300,61.9900,8599585
ABBV,2016-12-14,62.3000,61.5100,61.5500,61.6700,5115655
ABBV,2016-12-15,62.1100,61.5500,61.8000,62.0200,6416907
ABBV,2016-12-16,62.4900,61.8300,62.1200,62.2200,10555844
ABBV,2016-12-19,63.3300,62.1200,62.3700,62.2200,5976755
ABBV,2016-12-20,62.7100,61.7500,62.3400,62.1600,5751786
ABBV,2016-12-21,62.4100,61.4300,62.2200,61.4500,5498667
ABBV,2016-12-22,61.9200,61.3500,61.5800,61.6600,5625978
ABBV,2016-12-23,62.4000,61.4700,61.7800,62.3400,4798112
ABBV,2016-12-27,63.0200,62.4100,62.5200,62.5000,5396206
ABBV,2016-12-28,62.7500,62.2500,62.5100,62.2700,5190362
ABBV,2016-12-29,63.0600,62.3900,62.3900,62.7300,4990040
ABBV,2016-12-30,62.9300,62.4100,62.7300,62.6200,5999195
ABBV,2017-01-03,63.0300,61.9400,62.9200,62.4100,9328198
ABBV,2017-01-04,63.8000,62.6400,62.6400,63.2900,8674823
ABBV,2017-01-05,63.9500,63.0300,63.3800,63.7700,5359393
ABBV,2017-01-06,64.0000,63.5200,63.8800,63.7900,4722267
ABBV,2017-01-09,64.3800,63.7500,63.8000,64.2100,8794509
ABBV,2017-01-10,64.5000,63.7700,64.0500,64.0700,6523547
ABBV,2017-01-11,63.6400,60.5900,63.3800,61.1400,13565179
ABBV,2017-01-12,61.4300,60.4200,60.7700,61.2800,8194353
ABBV,2017-01-13,62.4100,61.0500,61.3500,61.9900,7295072
ABBV,2017-01-17,62.0400,61.1000,61.7500,61.8600,8446663
ABBV,2017-01-18,62.1400,61.3200,61.7600,61.6600,5519407
ABBV,2017-01-19,61.8800,61.1200,61.4500,61.3800,5384163
ABBV,2017-01-20,61.7700,61.0800,61.4100,61.1500,6730041
ABBV,2017-01-23,61.2600,60.6800,61.0200,60.9600,5244715
ABBV,2017-01-24,60.9300,59.6700,60.9100,60.5800,6642033
ABBV,2017-01-25,61.6300,60.3400,60.6000,61.3800,8052806
ABBV,2017-01-26,61.9000,61.0700,61.1600,61.2700,7765266
ABBV,2017-01-27,61.2500,59.5200,60.0000,60.0000,14151233
ABBV,2017-01-30,60.4700,59.2700,59.9100,60.4300,7792654
ABBV,2017-01-31,61.3200,59.7500,60.0100,61.1100,8149764
ABBV,2017-02-01,61.1000,60.2700,61.0700,60.8900,5888681
ABBV,2017-02-02,61.1200,60.4800,60.6500,60.8900,5365347
ABBV,2017-02-03,61.0600,60.4400,60.9000,60.6700,6470271
ABBV,2017-02-06,60.9600,60.3500,60.5100,60.6500,5358137
ABBV,2017-02-07,60.8700,60.4000,60.6500,60.5600,4210335
ABBV,2017-02-08,61.0200,60.0500,60.1400,60.5200,5357808
ABBV,2017-02-09,61.0000,60.4200,60.7400,60.8400,4324649
ABBV,2017-02-10,61.0000,60.2700,60.8500,60.4200,5749160
ABBV,2017-02-13,60.8600,60.4300,60.5800,60.5100,6396046
ABBV,2017-02-14,60.9800,60.1500,60.4400,60.8200,13562193
ABBV,2017-02-15,61.8400,60.4000,60.9200,61.6500,8927630
ABBV,2017-02-16,61.9100,60.8100,61.6700,61.4800,5662016
ABBV,2017-02-17,62.0800,61.1700,61.5400,61.7700,8124442
ABBV,2017-02-21,62.1100,61.5000,61.8400,61.8300,8503519
ABBV,2017-02-22,61.9500,61.3000,61.7200,61.3600,6422208
ABBV,2017-02-23,62.2400,61.4500,61.6800,61.9400,8057672
ABBV,2017-02-24,62.2300,61.4900,61.9200,62.0900,6536399
ABBV,2017-02-27,62.3700,61.6800,62.0200,62.2200,5214091
ABBV,2017-02-28,62.4000,61.6900,62.1100,61.8400,6756122
ABBV,2017-03-01,62.9300,61.9500,62.1600,62.8300,7737382
ABBV,2017-03-02,63.6000,62.6000,62.7800,63.2500,8190430
ABBV,2017-03-03,63.5300,62.8300,63.1100,63.3400,6125782
ABBV,2017-03-06,63.8500,62.8800,63.0000,63.5500,6837019
ABBV,2017-03-07,64.1400,62.9700,63.1400,63.6900,9638038
ABBV,2017-03-08,64.6800,63.5000,63.7500,64.1400,7049660
ABBV,2017-03-09,64.7200,64.0500,64.1400,64.5000,6957213
ABBV,2017-03-10,66.4500,65.1100,65.3000,65.8800,12788109
ABBV,2017-03-13,65.9400,65.3000,65.8700,65.8500,7577385
ABBV,2017-03-14,66.0500,65.6000,65.8800,65.6700,3728039
ABBV,2017-03-15,66.7900,65.6800,65.7000,66.5500,5241216
ABBV,2017-03-16,66.4500,65.5500,66.4000,65.9000,5162786
ABBV,2017-03-17,66.0900,65.5000,66.0400,65.6900,11288046
ABBV,2017-03-20,66.0100,65.5600,65.7800,65.8000,4252114
ABBV,2017-03-21,66.0000,65.0400,65.9600,65.3500,5187438
ABBV,2017-03-22,65.7300,65.1000,65.3800,65.5200,5662572
ABBV,2017-03-23,66.0600,65.3600,65.5200,65.6500,4099497
ABBV,2017-03-24,66.1200,65.3200,65.5100,65.6200,4056311
ABBV,2017-03-27,66.2800,65.2400,65.3700,66.1000,4962319
ABBV,2017-03-28,66.2100,65.6400,65.9600,65.9800,5067383
ABBV,2017-03-29,66.2700,65.6800,65.9500,65.7700,3649941
ABBV,2017-03-30,65.8200,65.2500,65.7600,65.4600,3749633
ABBV,2017-03-31,65.5200,65.1500,65.4600,65.1600,4057839
ABBV,2017-04-03,65.5900,64.8800,65.2400,65.0300,5229561
ABBV,2017-04-04,65.3000,64.8300,65.1200,65.1100,3457881
ABBV,2017-04-05,65.7600,64.8600,65.2300,64.9600,4396317
ABBV,2017-04-06,65.2000,64.6500,65.0300,65.0800,4628438
ABBV,2017-04-07,65.9300,64.8300,65.0600,65.5400,6089261
ABBV,2017-04-10,65.7800,64.9100,65.5000,64.9700,7136184
ABBV,2017-04-11,64.4300,63.3200,64.4300,64.1800,5404537
ABBV,2017-04-12,64.4100,63.6700,64.1700,64.3700,6121973
ABBV,2017-04-13,64.7200,64.0800,64.2400,64.1300,3896680
ABBV,2017-04-17,64.9700,64.0600,64.7900,64.3100,4189518
ABBV,2017-04-18,64.0800,63.1200,64.0300,63.6500,4755959
ABBV,2017-04-19,63.9300,63.3100,63.9000,63.4500,4057127
ABBV,2017-04-20,64.0000,63.2900,63.7200,63.7800,5708615
ABBV,2017-04-21,64.2900,63.5500,63.7600,63.8200,4154869
ABBV,2017-04-24,65.1600,64.2600,64.4000,64.6600,7120988
ABBV,2017-04-25,65.6300,64.8200,64.9400,65.1000,5352864
ABBV,2017-04-26,65.9200,65.0200,65.1900,65.0400,5008927
ABBV,2017-04-27,67.5000,65.1200,65.4500,66.0700,11692878
ABBV,2017-04-28,66.3200,65.4400,66.0600,65.9400,5521146
ABBV,2017-05-01,66.6600,65.9400,66.0000,66.4800,4575844
ABBV,2017-05-02,66.6800,66.1800,66.5100,66.6300,4342819
ABBV,2017-05-03,66.8800,66.2100,66.4500,66.7400,4993409
ABBV,2017-05-04,67.4000,66.6200,66.7400,67.2300,4287407
ABBV,2017-05-05,67.2200,66.3200,67.1900,66.9900,4587787
ABBV,2017-05-08,66.9500,66.1400,66.9400,66.2100,4497397
ABBV,2017-05-09,66.9500,65.8600,66.2000,66.1700,4395161
ABBV,2017-05-10,66.2300,65.3600,66.1600,65.9800,5140246
ABBV,2017-05-11,65.9600,64.6600,65.9000,65.3000,7853758
ABBV,2017-05-12,66.1900,65.2100,65.2700,66.0600,6093484
ABBV,2017-05-15,66.8500,65.9500,66.0700,66.6700,8527854
ABBV,2017-05-16,66.9200,66.3300,66.7300,66.8500,6313452
ABBV,2017-05-17,66.3400,64.6100,64.9800,65.3700,12771373
ABBV,2017-05-18,66.1000,65.2000,65.3700,65.6300,6000963
ABBV,2017-05-19,66.0100,65.3100,65.7400,65.5800,6731832
ABBV,2017-05-22,65.6200,64.8000,65.5500,65.4400,5541712
ABBV,2017-05-23,66.2600,65.4300,65.4400,65.8400,4676497
ABBV,2017-05-24,66.1200,65.5700,65.7900,65.9300,3232250
ABBV,2017-05-25,66.5700,65.8000,66.0600,66.3200,4058348
ABBV,2017-05-26,66.4100,65.8500,66.1400,66.0600,4083006
ABBV,2017-05-30,66.2000,65.8100,65.8900,66.0200,4803867
ABBV,2017-05-31,66.4100,65.6100,66.2400,66.0200,6935838
ABBV,2017-06-01,66.7200,66.1200,66.2600,66.7100,4554745
ABBV,2017-06-02,67.3100,66.6200,66.8100,67.2500,5645994
ABBV,2017-06-05,67.8600,66.8800,67.2500,67.5100,4918062
ABBV,2017-06-06,68.1000,67.3700,67.4800,67.8700,5494466
ABBV,2017-06-07,69.3200,68.0100,68.0100,68.7500,8406339
ABBV,2017-06-08,69.0500,68.3400,68.6700,68.7600,6082516
ABBV,2017-06-09,69.8300,68.7200,68.8000,69.6700,6159800
ABBV,2017-06-12,69.9000,68.8900,69.7900,69.5300,6084294
ABBV,2017-06-13,70.0300,69.4200,69.6200,69.6700,5269007
ABBV,2017-06-14,70.7900,69.3700,69.4800,70.5200,6639136
ABBV,2017-06-15,70.6500,69.8800,70.3400,70.6000,4682694
ABBV,2017-06-16,71.1200,70.4900,70.8000,71.0500,9342262
ABBV,2017-06-19,71.5900,70.9400,71.1100,71.3400,6396250
ABBV,2017-06-20,71.8100,71.1600,71.4400,71.2200,6542849
ABBV,2017-06-21,71.7000,71.0500,71.1100,71.3400,6096825
ABBV,2017-06-22,73.6700,71.4100,71.4900,73.1800,9998906
ABBV,2017-06-23,73.4900,72.2600,73.2000,72.6400,7064455
ABBV,2017-06-26,72.9400,72.4100,72.7900,72.7400,4019452
ABBV,2017-06-27,73.0600,72.2500,72.7000,72.3900,4490570
ABBV,2017-06-28,73.5400,72.5800,72.7200,72.9200,4196191
ABBV,2017-06-29,73.1700,71.9100,73.1500,72.4800,4444714
ABBV,2017-06-30,72.8200,72.2100,72.5700,72.5100,4729149
ABBV,2017-07-03,72.9900,72.3700,72.7600,72.4200,2570706
ABBV,2017-07-05,72.7400,71.9900,72.4800,72.4800,4751870
ABBV,2017-07-06,72.4500,71.4100,72.2400,71.7300,4372054
ABBV,2017-07-07,72.1100,71.6300,72.1100,72.0300,4333674
ABBV,2017-07-10,72.2200,71.5800,71.8000,71.8300,3158342
ABBV,2017-07-11,72.1700,71.3300,71.8900,71.8400,3535144
ABBV,2017-07-12,72.1300,71.3000,71.5100,71.8800,4860230
ABBV,2017-07-13,72.9000,71.6700,71.9400,72.6300,5189786
ABBV,2017-07-14,73.2300,72.5100,72.6200,73.1100,4335669
ABBV,2017-07-17,73.4700,72.6900,73.1000,72.7000,3461573
ABBV,2017-07-18,72.8600,71.7500,72.6300,72.2300,5269109
ABBV,2017-07-19,72.7700,72.0200,72.4800,72.7700,3904137
ABBV,2017-07-20,74.2200,72.9400,72.9900,74.0100,5329746
ABBV,2017-07-21,75.0400,73.8500,73.9800,74.6300,4961484
ABBV,2017-07-24,74.7500,73.8400,74.6300,73.9100,5497780
ABBV,2017-07-25,74.5500,72.4700,74.4000,72.5200,6354207
ABBV,2017-07-26,72.6900,71.9500,72.3700,72.5900,4876980
ABBV,2017-07-27,72.8000,70.8800,72.7800,71.7300,7389286
ABBV,2017-07-28,72.4400,69.3800,71.6400,70.4400,8012352
ABBV,2017-07-31,null,69.8300,null,69.9100,7770409
ABBV,2017-08-01,70.8400,69.8500,70.0300,70.3800,6681693
ABBV,2017-08-02,70.7400,69.9300,70.2500,70.7100,4922217
ABBV,2017-08-03,71.0100,70.3600,70.6100,70.9900,4400362
ABBV,2017-08-04,71.3700,70.3500,71.1700,70.9900,4732537
ABBV,2017-08-07,71.2300,70.6400,70.9400,71.2200,3551071
ABBV,2017-08-08,71.9100,71.0100,71.3300,71.4700,4398003
ABBV,2017-08-09,72.1400,71.1000,71.2600,72.0200,4536324
ABBV,2017-08-10,72.1900,70.3900,72.0100,70.4400,5940330
ABBV,2017-08-11,71.0100,70.4300,70.7400,70.6300,3248300
ACN,2016-08-12,113.5500,112.6700,113.2000,113.0300,1414708
ACN,2016-08-15,114.1100,112.7500,113.0000,113.6000,2284399
ACN,2016-08-16,113.2600,112.3400,113.1000,112.9800,1998463
ACN,2016-08-17,113.7200,112.4100,113.0900,112.9300,1566925
ACN,2016-08-18,113.1300,111.9200,112.7400,112.3500,2406432
ACN,2016-08-19,113.1500,111.7300,112.2100,113.0500,1519042
ACN,2016-08-22,113.8500,112.3600,112.7300,113.7600,1459186
ACN,2016-08-23,115.9000,113.6400,113.9400,115.4800,2385087
ACN,2016-08-24,115.7200,114.2700,115.4700,114.5700,2266773
ACN,2016-08-25,115.2600,113.6700,114.2400,115.0400,1869256
ACN,2016-08-26,116.2000,114.5400,115.1700,115.2000,1419341
ACN,2016-08-29,115.5600,114.3500,115.0800,114.8500,1367742
ACN,2016-08-30,115.5500,114.7300,114.9800,115.3500,1319021
ACN,2016-08-31,115.3800,114.4800,114.9300,115.0000,1999417
ACN,2016-09-01,115.5000,114.0400,114.7500,115.0600,1572686
ACN,2016-09-02,116.2600,115.2400,115.5000,115.6600,1536857
ACN,2016-09-06,116.0000,114.8300,115.8300,115.3600,1479152
ACN,2016-09-07,115.8600,114.9400,115.3700,115.1200,1485099
ACN,2016-09-08,114.5600,112.2500,114.4300,112.3000,3078476
ACN,2016-09-09,112.0900,110.3300,111.7100,110.3900,3282650
ACN,2016-09-12,112.9600,110.1100,110.2200,112.7600,2370856
ACN,2016-09-13,111.9600,110.1700,111.5800,110.5300,2483203
ACN,2016-09-14,111.5400,109.2900,110.7500,109.8000,2328081
ACN,2016-09-15,111.4200,108.8300,109.6400,110.7200,2905821
ACN,2016-09-16,110.4900,109.1200,110.3300,109.8800,2604902
ACN,2016-09-19,111.2800,110.1400,110.6100,110.5000,1785685
ACN,2016-09-20,111.7500,110.7000,111.1800,110.7000,1995841
ACN,2016-09-21,111.8900,110.7500,111.4900,111.7000,2466908
ACN,2016-09-22,114.2700,111.9100,111.9800,113.6600,2596154
ACN,2016-09-23,113.7900,109.5000,110.5100,113.0900,2265179
ACN,2016-09-26,113.9500,112.4500,112.4500,113.7300,3224170
ACN,2016-09-27,116.2200,113.7500,113.7500,116.1300,3134703
ACN,2016-09-28,117.0600,115.3700,115.6800,116.6500,3640306
ACN,2016-09-29,124.9600,120.3500,120.5600,121.6400,7643380
ACN,2016-09-30,123.0300,121.7800,121.7800,122.1700,4815794
ACN,2016-10-03,122.4700,120.6400,121.5900,120.8600,3667521
ACN,2016-10-04,121.4400,117.7600,121.1800,118.2400,3973660
ACN,2016-10-05,118.7100,117.5100,118.4900,118.2100,2875146
ACN,2016-10-06,118.8100,117.6800,118.2100,118.5200,2504502
ACN,2016-10-07,118.6400,115.9300,118.5200,116.0000,3034302
ACN,2016-10-10,117.9800,116.3800,116.3800,117.4600,2157553
ACN,2016-10-11,117.4400,116.2100,117.3800,116.9700,2708225
ACN,2016-10-12,117.9700,116.7100,117.4100,117.6200,2366466
ACN,2016-10-13,118.5000,116.0300,117.0800,118.1100,3106637
ACN,2016-10-14,119.1600,117.8600,118.4600,118.2500,2508485
ACN,2016-10-17,118.2500,116.7500,118.2500,116.8500,1904916
ACN,2016-10-18,118.2600,117.3500,117.7000,117.5300,2472902
ACN,2016-10-19,117.5100,116.1300,116.7100,116.8200,2263239
ACN,2016-10-20,117.1400,115.9600,116.6000,116.0500,2247838
ACN,2016-10-21,116.0000,114.9100,115.9500,115.5900,1979120
ACN,2016-10-24,116.5000,115.4800,116.0200,115.8000,1539785
ACN,2016-10-25,115.8700,114.9500,115.5400,115.2700,1456836
ACN,2016-10-26,115.9000,114.5100,114.7900,115.4500,1830897
ACN,2016-10-27,116.1100,115.2000,115.6500,115.4600,1871613
ACN,2016-10-28,116.5800,115.0300,115.8500,115.6700,1656236
ACN,2016-10-31,116.5600,115.4700,115.6300,116.2400,1877768
ACN,2016-11-01,116.7000,115.4600,116.5000,116.1400,2444386
ACN,2016-11-02,119.2000,116.0000,116.1400,118.6100,5361141
ACN,2016-11-03,118.5000,116.6600,118.1300,116.9500,2086406
ACN,2016-11-04,118.1200,116.4400,117.0400,117.2300,2068333
ACN,2016-11-07,120.0000,118.1100,118.1100,119.9700,2311082
ACN,2016-11-08,121.0000,119.5100,119.9000,119.8100,2118807
ACN,2016-11-09,118.0000,114.6600,115.8800,117.2100,5797624
ACN,2016-11-10,120.8000,117.2900,117.3400,120.3300,4357469
ACN,2016-11-11,121.0000,118.7100,119.6600,119.1800,3201775
ACN,2016-11-14,119.5900,116.2000,119.1700,117.2500,3622499
ACN,2016-11-15,117.8400,115.3800,117.5500,115.9900,3119949
ACN,2016-11-16,118.0300,115.7600,116.1900,117.3200,2147097
ACN,2016-11-17,118.5400,117.2100,117.5000,118.3700,1313635
ACN,2016-11-18,118.5600,117.8700,118.2500,118.4300,2123479
ACN,2016-11-21,119.8800,118.4300,118.7000,119.6800,1694583
ACN,2016-11-22,120.3900,119.3200,119.9200,119.4800,2251828
ACN,2016-11-23,120.2900,119.0700,119.3600,119.8200,1966491
ACN,2016-11-25,120.7800,119.5900,119.9000,120.7400,783672
ACN,2016-11-28,121.3900,120.0900,120.5300,120.7600,2075644
ACN,2016-11-29,121.5200,120.3700,120.7400,120.9400,1484017
ACN,2016-11-30,121.1400,119.4300,121.0100,119.4300,2635490
ACN,2016-12-01,120.0500,117.1200,119.5000,117.6600,2260397
ACN,2016-12-02,118.2500,116.1700,117.6300,117.2900,1922836
ACN,2016-12-05,118.5800,117.2900,117.8600,117.7200,2052296
ACN,2016-12-06,118.8900,117.7300,118.1300,118.4100,1973602
ACN,2016-12-07,121.6500,118.4500,118.6500,121.5700,2024090
ACN,2016-12-08,122.3900,121.2700,121.6700,121.7400,1449505
ACN,2016-12-09,123.4600,120.8600,121.3300,123.3100,2227331
ACN,2016-12-12,123.7900,122.6000,122.8600,123.6100,1608712
ACN,2016-12-13,125.7200,123.6800,123.8000,125.4000,2333210
ACN,2016-12-14,125.6500,123.4300,125.2500,123.6500,2041315
ACN,2016-12-15,125.2800,123.2600,123.4500,124.5500,1761439
ACN,2016-12-16,125.1600,122.4400,124.5800,123.0000,4513962
ACN,2016-12-19,124.4400,123.1600,123.2300,123.6500,2750436
ACN,2016-12-20,124.2700,123.0100,124.0400,124.1000,3290845
ACN,2016-12-21,119.9800,117.6000,118.5500,117.9000,6032468
ACN,2016-12-22,118.6300,117.0100,118.0600,117.7900,2758497
ACN,2016-12-23,118.2100,117.1100,117.4000,117.4800,1697312
ACN,2016-12-27,118.4800,117.2100,117.3600,117.5500,1546608
ACN,2016-12-28,118.0000,116.0900,118.0000,116.6100,1797685
ACN,2016-12-29,117.9800,116.5100,116.9800,117.0100,1633892
ACN,2016-12-30,117.9500,116.5900,117.5600,117.1300,1739750
ACN,2017-01-03,117.8100,115.8200,117.3800,116.4600,2352157
ACN,2017-01-04,117.8000,116.4300,116.9100,116.7400,2639772
ACN,2017-01-05,117.1400,114.9500,116.9800,114.9900,3685380
ACN,2017-01-06,116.7400,114.3400,114.9900,116.3000,4125269
ACN,2017-01-09,116.3500,114.9200,116.1400,115.0000,2550869
ACN,2017-01-10,115.9900,114.6400,114.9400,115.0600,2550138
ACN,2017-01-11,116.2600,114.9100,115.4000,116.1200,2845844
ACN,2017-01-12,115.9600,114.8400,115.6200,115.7800,2110781
ACN,2017-01-13,117.4400,115.3500,115.3500,116.9500,2666366
ACN,2017-01-17,116.3600,115.4700,115.9200,116.0300,2374325
ACN,2017-01-18,116.9500,115.7400,116.5400,115.9500,2262162
ACN,2017-01-19,116.0000,115.2700,115.6000,115.5000,1647118
ACN,2017-01-20,116.2500,114.8100,115.8800,115.0700,2781387
ACN,2017-01-23,115.2700,114.6100,114.7800,114.8200,2319952
ACN,2017-01-24,116.6400,114.8400,115.2000,116.4800,2810084
ACN,2017-01-25,118.3600,116.7000,116.9000,117.5700,2905948
ACN,2017-01-26,117.4400,115.6200,116.9900,115.9300,2865071
ACN,2017-01-27,116.4400,115.0700,116.2000,115.3500,2545180
ACN,2017-01-30,115.3300,113.4100,115.3200,114.6300,2529715
ACN,2017-01-31,114.0200,112.6100,113.9700,113.8700,2338994
ACN,2017-02-01,114.7700,112.3100,113.8000,113.2100,2471638
ACN,2017-02-02,113.7700,112.7100,113.1500,113.6400,2450479
ACN,2017-02-03,114.8300,113.3400,114.0000,114.4900,1664211
ACN,2017-02-06,115.2200,113.3800,114.0700,114.1800,2019412
ACN,2017-02-07,116.1700,114.9500,114.9500,115.9200,2538228
ACN,2017-02-08,116.1500,114.9200,116.1500,115.4300,2373733
ACN,2017-02-09,117.4600,115.4700,115.5100,116.9800,2117069
ACN,2017-02-10,118.8400,116.5200,116.7000,117.6000,2183016
ACN,2017-02-13,118.9500,117.7200,117.9000,118.5900,1988541
ACN,2017-02-14,120.0000,118.4000,118.4700,120.0000,2559693
ACN,2017-02-15,120.1600,119.3000,119.6100,119.9300,1951131
ACN,2017-02-16,120.9900,119.5300,119.9300,120.7200,1966972
ACN,2017-02-17,121.2900,120.1000,120.5100,121.2300,1904933
ACN,2017-02-21,122.2200,120.5700,120.6300,122.1000,2117134
ACN,2017-02-22,122.8800,121.5800,121.6600,122.2100,1557038
ACN,2017-02-23,122.7000,121.7300,122.5900,122.4800,1439556
ACN,2017-02-24,123.4300,121.6000,122.0000,123.4300,1447663
ACN,2017-02-27,123.4300,122.4800,123.0100,122.7900,1679832
ACN,2017-02-28,123.0900,121.9300,122.7500,122.5000,1745371
ACN,2017-03-01,124.2900,122.4600,123.2400,124.0700,1879707
ACN,2017-03-02,124.4300,123.5600,123.9900,124.3500,1896716
ACN,2017-03-03,124.2500,122.9800,124.2000,123.6400,2122955
ACN,2017-03-06,123.4300,122.5300,122.9900,123.2400,1814082
ACN,2017-03-07,124.3800,123.1200,123.6300,124.1400,2705285
ACN,2017-03-08,124.7900,123.7800,124.1100,124.4600,2168611
ACN,2017-03-09,124.3700,122.6500,124.3700,123.1800,2338125
ACN,2017-03-10,124.3300,123.0700,123.6500,123.9300,1931099
ACN,2017-03-13,124.7500,123.4700,124.2300,124.0400,2233737
ACN,2017-03-14,124.7300,123.6300,124.1700,123.9100,1627855
ACN,2017-03-15,124.9900,123.0300,123.4100,124.8000,2087675
ACN,2017-03-16,125.1900,123.6100,124.8900,124.1000,2182041
ACN,2017-03-17,125.4500,123.8300,124.7100,125.2200,4603637
ACN,2017-03-20,125.3900,124.1700,125.2200,124.3900,2257442
ACN,2017-03-21,125.4100,123.6300,125.0800,124.6400,3219859
ACN,2017-03-22,126.5300,124.4700,125.0300,126.4800,4288622
ACN,2017-03-23,123.0100,120.5400,122.7100,120.7600,7116837
ACN,2017-03-24,121.3100,118.7600,120.7800,118.9800,3949828
ACN,2017-03-27,119.8000,118.3000,118.7300,119.3900,3122818
ACN,2017-03-28,122.3400,119.0100,119.8200,121.3500,5516010
ACN,2017-03-29,121.7100,120.1500,121.6600,120.9800,2438878
ACN,2017-03-30,121.0000,120.0500,120.8900,120.5200,2030644
ACN,2017-03-31,121.2100,119.8400,120.7100,119.8800,2102781
ACN,2017-04-03,118.1700,117.0000,118.0000,117.6400,3918099
ACN,2017-04-04,118.0700,117.2800,117.2800,118.0400,1690734
ACN,2017-04-05,119.0900,117.4900,118.2400,117.6400,1902105
ACN,2017-04-06,117.9300,116.7600,117.6800,116.8100,2049602
ACN,2017-04-07,117.7400,116.5000,117.0000,117.4400,2408028
ACN,2017-04-10,118.5600,117.3700,117.5000,117.8400,2308255
ACN,2017-04-11,116.8000,115.7900,116.1800,116.0800,2295270
ACN,2017-04-12,116.4000,115.4700,116.0500,115.5800,2087832
ACN,2017-04-13,115.8900,114.8200,115.3600,114.8600,1838948
ACN,2017-04-17,115.7300,114.8800,114.8800,115.7200,1168262
ACN,2017-04-18,116.3600,115.3900,115.5000,116.2400,1978691
ACN,2017-04-19,117.3600,116.0000,116.3700,116.9500,2185363
ACN,2017-04-20,119.8600,117.3800,117.6500,119.2100,3743523
ACN,2017-04-21,119.9800,119.0300,119.7400,119.2300,2639048
ACN,2017-04-24,120.5100,119.1100,119.9400,119.3600,2106761
ACN,2017-04-25,119.9400,118.6800,119.3800,118.6900,1947238
ACN,2017-04-26,119.4600,118.4000,118.7300,118.9800,1581421
ACN,2017-04-27,120.6200,119.1200,119.1200,120.4900,2008174
ACN,2017-04-28,121.3500,120.0300,120.1900,121.3000,2476577
ACN,2017-05-01,121.6900,121.1000,121.3700,121.2500,1931951
ACN,2017-05-02,121.7100,120.2100,121.2900,120.6800,2697450
ACN,2017-05-03,120.8700,119.6600,120.4300,120.3000,1762147
ACN,2017-05-04,120.9900,120.2200,120.7500,120.8200,1557495
ACN,2017-05-05,121.5200,120.7600,120.9100,121.5200,1716890
ACN,2017-05-08,121.5200,120.7600,121.1000,121.1100,1522599
ACN,2017-05-09,121.6300,120.9100,121.3000,121.0700,1094392
ACN,2017-05-10,121.3700,120.5600,121.0700,121.2000,1343689
ACN,2017-05-11,120.9000,119.6700,120.7500,120.8000,1835224
ACN,2017-05-12,121.5000,120.3800,120.3800,120.9600,2362291
ACN,2017-05-15,122.5400,120.7600,120.9600,122.2500,1772747
ACN,2017-05-16,123.3100,122.2200,122.6900,123.1400,2180617
ACN,2017-05-17,123.0700,120.3400,122.2000,120.4400,2277902
ACN,2017-05-18,121.0300,119.4100,120.8600,120.4000,1968786
ACN,2017-05-19,121.2100,120.1900,121.0100,120.9800,2190103
ACN,2017-05-22,122.8400,121.2200,121.6000,122.7100,1912490
ACN,2017-05-23,123.0700,121.8000,122.8600,122.1500,1472731
ACN,2017-05-24,122.1500,120.3000,120.4300,121.9500,2029654
ACN,2017-05-25,123.5600,122.2000,122.7500,123.1000,1425580
ACN,2017-05-26,123.1100,122.5200,122.9400,122.8900,1415082
ACN,2017-05-30,123.9700,122.3500,122.6100,123.7700,1373030
ACN,2017-05-31,124.6000,123.5200,124.0000,124.4700,2655586
ACN,2017-06-01,125.2900,123.8600,124.9300,125.2900,1902558
ACN,2017-06-02,125.9800,124.8900,125.3700,125.7400,1765967
ACN,2017-06-05,126.9800,125.4400,126.0000,126.5800,1949952
ACN,2017-06-06,127.0000,126.0100,126.1900,126.3300,1513552
ACN,2017-06-07,126.7700,125.5300,126.0800,126.5500,1640608
ACN,2017-06-08,127.0000,125.5200,126.9700,126.1700,2128861
ACN,2017-06-09,126.7400,124.9800,126.0000,125.8200,1929206
ACN,2017-06-12,126.4600,124.7300,125.5300,126.3000,2355868
ACN,2017-06-13,127.5600,126.0800,126.4400,127.0700,2434069
ACN,2017-06-14,128.0000,126.7000,127.8000,127.2500,1861213
ACN,2017-06-15,127.3600,124.5000,126.2800,127.0300,2196307
ACN,2017-06-16,128.0000,126.5300,127.5200,127.5600,2965426
ACN,2017-06-19,128.4700,127.3900,128.4700,127.7700,2122954
ACN,2017-06-20,127.6400,126.3800,127.3300,126.5300,2356430
ACN,2017-06-21,127.1800,126.0300,127.0700,127.1100,3257939
ACN,2017-06-22,123.9000,119.1000,122.9700,122.0800,8691127
ACN,2017-06-23,123.6200,121.7200,122.1400,122.7400,3817814
ACN,2017-06-26,124.0500,122.2800,123.1500,122.3400,2622970
ACN,2017-06-27,122.8400,122.0000,122.5000,122.1900,2215255
ACN,2017-06-28,123.8300,122.1900,122.7800,123.7400,1727503
ACN,2017-06-29,123.5000,122.6100,123.5000,122.9900,2687283
ACN,2017-06-30,124.4000,123.1500,123.3000,123.6800,2290346
ACN,2017-07-03,124.8800,123.7900,123.8200,123.9300,1236153
ACN,2017-07-05,124.7800,123.9900,124.0000,124.0500,1328583
ACN,2017-07-06,123.6300,122.0300,123.3500,122.9400,1938109
ACN,2017-07-07,124.7500,123.0700,123.5500,124.2100,1889418
ACN,2017-07-10,124.3700,123.5900,124.0500,124.0600,1301531
ACN,2017-07-11,124.1000,123.2000,124.0600,123.8500,1379754
ACN,2017-07-12,125.4800,124.1200,124.3000,125.4700,2017856
ACN,2017-07-13,126.3500,125.4400,125.7000,125.7300,1713698
ACN,2017-07-14,126.9600,125.7300,126.1900,126.7000,1752903
ACN,2017-07-17,127.0500,126.1500,126.7700,126.4200,2005625
ACN,2017-07-18,127.5700,125.4800,126.2500,127.3700,1641350
ACN,2017-07-19,128.0000,126.7200,127.5000,127.7800,2275298
ACN,2017-07-20,128.7600,127.6500,127.9000,128.5400,1655339
ACN,2017-07-21,128.9600,128.0100,128.5400,128.8500,1765383
ACN,2017-07-24,128.5000,127.5900,128.2700,128.0100,1763242
ACN,2017-07-25,129.3100,127.6800,128.2500,128.9500,1599954
ACN,2017-07-26,129.6100,128.7400,129.0000,129.5100,1615311
ACN,2017-07-27,129.7000,127.4200,129.7000,128.1600,2096970
ACN,2017-07-28,128.5300,127.3100,127.9800,128.4000,1133850
ACN,2017-07-31,129.1600,null,null,128.8200,1584354
ACN,2017-08-01,129.8900,128.9500,129.1000,129.8600,3465682